number;sequence
45778;1
45778;2
45778;3
45778;4
45778;5
45778;6
45778;7
45778;8
45778;9
45778;10
45778;11
45778;12
45778;13
45778;14
45778;15
45778;16
45778;17
45778;18
45778;19
45778;20
45778;21
45778;22
45778;23
45778;24
45778;25
45778;26
45778;27
45778;28
45778;29
45778;30
45778;31
45778;32
45778;33
45778;34
45778;35
45778;36
45778;37
45778;38
45778;39
45778;40
45778;41
45778;42
45778;43
45778;44
45778;45
45778;46
45778;47
45778;48
45778;49
45778;50
45778;51
45778;52
45778;53
45778;54
45778;55
45778;56
45778;57
45778;58
45778;59
45778;60
45778;61
45778;62
45778;63
45778;64
45778;65
45778;66
45778;67
45778;68
45778;69
45778;70
45778;71
45778;72
45778;73
45778;74
45778;75
45778;76
45778;77
45778;78
45778;79
45778;80
45778;81
45778;82
45778;83
45778;84
45778;85
45778;86
45778;87
45778;88
45778;89
45778;90
45778;91
45778;92
45778;93
45778;94
45778;95
45778;96
45778;97
45778;98
45778;99
45778;100
